SIS,SSIM,MS_SSIM,ID
3.423503e-08,0.5671434,0.7674273,2
4.8847987e-08,0.87147385,0.99117124,6
2.5881164e-08,0.8548388,0.988752,10
3.6494242e-08,0.6223753,0.9784008,8
3.2860086e-08,0.5888276,0.75457,7
4.1602515e-08,0.60630685,0.97617584,4
1.13018515e-07,0.96611774,0.9979046,1
4.284566e-08,0.69474757,0.98278373,3
